insert into customer_grade values (1,"BRONZE");
insert into customer_grade values (2,"SILVER");
insert into customer_grade values (3,"GOLD");
insert into customer_grade values (4,"VIP");

insert into board_category values (11,"NOTICE");
insert into board_category values (12,"REVIEW");
insert into board_category values (13,"Q&A");

INSERT INTO product_category (product_category_id, product_category_name) VALUES 
(1, '과일'),
(2, '채소'),
(3, '유제품'),
(4, '육류'),
(5, '해산물'),
(6, '음료'),
(7, '간식'),
(8, '빵'),
(9, '발효식품'),
(10, '조미료'),
(11, '곡류'),
(12,'식용유');

INSERT INTO product (product_id, product_name, product_memo, product_handle_date, product_stock, product_pipe_line, product_price, product_category_id, product_img)
VALUES 
(300101, '김치', '배추를 김치양념으로 발효시킨 음식', '2023-04-17', 100, '김치공장', 5000, 9, '../resources/images/kimchi.jpg'),
(300102, '된장', '콩을 발효시켜 만든 고추장과 유사한 음식', '2023-04-17', 200, '된장공장', 3000, 9, '../resources/images/doenjang.jpg'),
(300103, '쌀', '식사를 할 때 주로 먹는 곡물', '2023-04-17', 500, '쌀공장', 30000, 2, '../resources/images/rice.jpg'),
(300104, '고추장', '고추를 발효시켜 만든 매운 양념', '2023-04-17', 50, '고추장공장', 7000, 9, '../resources/images/gochujang.jpg'),
(300105, '된장찌개용 두부', '된장찌개를 만들 때 사용하는 두부', '2023-04-17', 30, '두부공장', 5000, 11, '../resources/images/tofu.jpg'),
(300106, '김', '바다에서 채취한 조류로 만든 건강식품', '2023-04-17', 100, '김공장', 10000, 7, '../resources/images/kim.jpg'),
(300107, '콩나물', '콩을 싹트게 발아시킨 녹색 식재료', '2023-04-17', 50, '콩나물공장', 3000, 2, '../resources/images/kongnamul.jpg'),
(300108, '대파', '양파과의 여러해살이풀로 재배되는 식재료', '2023-04-17', 80, '대파농장', 2000, 2, '../resources/images/daepa.jpg'),
(300109, '참기름', '참숯으로 볶은 후 짜낸 기름', '2023-04-17', 20, '참기름공장', 15000, 12, '../resources/images/sesame_oil.jpg'),
(300110, '고구마', '감자과의 열매로 수확되는 뿌리작물', '2023-04-17', 150, '고구마공장', 5000, 2, '../resources/images/sweet_potato.jpg');

INSERT INTO customer(customer_id, customer_grade_id, customer_name, customer_address, customer_phone, customer_gender, customer_password)
VALUES
(99999, 4, 'Admin', '서울시 강남구 역삼동 123번지', '010-9999-9999', '여자', '1234');
(100101, 2, '김영희', '서울시 강남구 역삼동 123번지', '010-1234-5678', '여자', '123'),
(100102, 3, '홍길동', '서울시 마포구 서교동 456번지', '010-9876-5432', '남자', '456'),
(100103, 1, '이순신', '서울시 강서구 화곡동 789번지', '010-1111-2222', '남자', '789'),
(100104, 2, '박지성', '서울시 강동구 천호동 1010번지', '010-5555-6666', '남자', '1010'),
(100105, 4, '김연아', '서울시 송파구 잠실동 1111번지', '010-9999-8888', '여자', '1111'),
(100106, 1, '손흥민', '서울시 강남구 삼성동 1212번지', '010-3333-4444', '남자', '1212'),
(100107, 3, '유재석', '서울시 서초구 반포동 1313번지', '010-7777-8888', '남자', '1313'),
(100108, 4, '박명수', '서울시 관악구 신림동 1414번지', '010-1212-3434', '남자', '1414'),
(100109, 1, '아이유', '서울시 강북구 미아동 1515번지', '010-5656-7878', '여자', '1515'),
(100110, 3, '방탄소년단', '서울시 강동구 상일동 1616번지', '010-2323-4545', '남자', '1616');

INSERT INTO board (board_id, board_title, board_main, board_modified_date, board_registered_date, board_writer_id, board_category_id)
VALUES
(1, '공지사항 제목입니다.', '안녕하세요. 식품 홈페이지의 공지사항입니다.', '2022-04-15', '2022-04-15', 100101, 11),
(2, '오늘 먹은 제품 후기', '오늘 먹은 제품이 맛있어서 후기를 남깁니다. 추천합니다!', '2022-04-16', '2022-04-16', 100102, 12),
(3, '1:1문의합니다.', '식품 홈페이지에 대해서 궁금한 점이 있어서 문의드립니다.', '2022-04-17', '2022-04-17', 100103, 13),
(4, '제품 사용법 문의합니다.', '제품 사용법이 잘 이해가 가지 않아서 문의드립니다.', '2022-04-17', '2022-04-17', 100104, 13),
(5, '식품 홈페이지 리뉴얼 소식', '안녕하세요. 식품 홈페이지가 리뉴얼되었습니다. 새로운 기능들도 많이 추가되었으니 이용해보세요!', '2022-04-18', '2022-04-18', 100101, 11),
(6, '오늘 먹은 제품 후기2', '오늘 먹은 제품이 맛있어서 후기를 남깁니다. 추천합니다!', '2022-04-18', '2022-04-18', 100102, 12),
(7, '1:1문의2', '식품 홈페이지에 대해서 궁금한 점이 있어서 문의드립니다.', '2022-04-19', '2022-04-19', 100103, 13),
(8, '제품 사용법 문의2', '제품 사용법이 잘 이해가 가지 않아서 문의드립니다.', '2022-04-19', '2022-04-19', 100104, 13),
(9, '신제품 출시 소식', '안녕하세요. 신제품이 출시되었습니다. 많은 이용 부탁드립니다!', '2022-04-20', '2022-04-20', 100101, 11),
(10, '오늘 먹은 제품 후기3', '오늘 먹은 제품이 맛있어서 후기를 남깁니다. 추천합니다!', '2022-04-20', '2022-04-20', 100102, 12);

INSERT INTO order_product (product_id, order_id, order_product, order_quantity)
VALUES 
(300101, 10001, '김치', 5),
(300102, 10001, '된장', 3),
(300103, 10002, '쌀', 2),
(300104, 10002, '고추장', 1),
(300105, 10003, '된장찌개용 두부', 4),
(300106, 10003, '김', 2),
(300107, 10004, '콩나물', 3),
(300108, 10004, '대파', 2),
(300109, 10005, '참기름', 1),
(300110, 10005, '고구마', 3);


INSERT INTO sales_order (order_id, customer_id, order_date, order_total_price, order_status)
VALUES 
  (400101, 100101, '2023-04-17', 50000, 'Y'),
  (400102, 100102, '2023-04-16', 25000, 'N'),
  (400103, 100103, '2023-04-15', 30000, 'D'),
  (400104, 100104, '2023-04-14', 45000, 'Y'),
  (400105, 100105, '2023-04-13', 10000, 'N'),
  (400106, 100106, '2023-04-12', 15000, 'D'),
  (400107, 100107, '2023-04-11', 20000, 'Y'),
  (400108, 100108, '2023-04-10', 40000, 'Y'),
  (400109, 100109, '2023-04-09', 35000, 'N'),
  (400110, 100110, '2023-04-08', 60000, 'N'),
  (400111, 100101, '2023-04-07', 55000, 'Y'),
  (400112, 100102, '2023-04-06', 20000, 'N'),
  (400113, 100103, '2023-04-05', 15000, 'D'),
  (400114, 100104, '2023-04-04', 35000, 'Y'),
  (400115, 100105, '2023-04-03', 45000, 'N'),
  (400116, 100106, '2023-04-02', 50000, 'D'),
  (400117, 100107, '2023-04-01', 10000, 'Y'),
  (400118, 100108, '2023-03-31', 30000, 'Y'),
  (400119, 100109, '2023-03-30', 25000, 'N'),
  (400120, 100110, '2023-03-29', 40000, 'N'),
  (400121, 100101, '2023-03-28', 50000, 'Y'),
  (400122, 100102, '2023-03-27', 15000, 'N'),
  (400123, 100103, '2023-03-26', 25000, 'D'),
  (400124, 100104, '2023-03-25', 30000, 'Y'),
  (400125, 100101, '2023-03-24', 20000, 'N'),
  (400126, 100105, '2023-03-23', 40000, 'D'),
  (400127, 100101, '2023-03-22', 45000, 'Y'),
  (400128, 100101, '2023-02-21', 5000, 'Y'),
  (400129, 100101, '2023-02-20', 10000, 'N'),
  (400130, 100101, '2023-02-19', 35000, 'N'),
  (400131, 100101, '2023-02-18', 30000, 'Y'),
  (400132, 100101, '2023-02-17', 20000, 'N'),
  (400133, 100101, '2023-01-16', 15000, 'D'),
  (400134, 100101, '2023-01-15', 50000, 'Y'),
  (400135, 100101, '2023-01-14', 45000, 'N'),
  (400136, 100101, '2023-01-13', 35000, 'D'),
  (400137, 100101, '2023-01-12', 10000, 'Y'),
  (400138, 100101, '2023-01-11', 40000, 'Y');